trait	category	broad_module	family	is_ratio
Alanine_aminotransferase	Liver	Metabolic	Alanine_aminotransferase	0
Albumin	Liver	Metabolic	Albumin	0
Alkaline_phosphatase	Liver	Metabolic	Alkaline_phosphatase	0
Apolipoprotein_A	Lipid	Metabolic	ApoA	0
Apolipoprotein_B	Lipid	Metabolic	ApoB	0
Aspartate_aminotransferase	Liver	Metabolic	Aspartate_aminotransferase	0
Basophill_count	WBC	Hematologic	Basophil	0
Basophill_percentage	WBC	Hematologic	Basophil	0
Body_mass_index	Anthropometric	Anthropometric	Body_mass_index	0
C_reactive_protein	Inflammatory	Inflammatory	C_reactive_protein	0
Calcium	Renal	Metabolic	Calcium	0
Cholesterol_total	Lipid	Metabolic	Total_cholesterol	0
Creatinine	Renal	Metabolic	Creatinine	0
Cystatin_C	Renal	Metabolic	Cystatin_C	0
Diastolic_blood_pressure	Cardiovascular	Cardiovascular	Blood_pressure_diastolic	0
Direct_bilirubin	Liver	Metabolic	Direct_bilirubin	0
Eosinophill_count	WBC	Hematologic	Eosinophil	0
Eosinophill_percentage	WBC	Hematologic	Eosinophil	0
Gamma_glutamyltransferase	Liver	Metabolic	Gamma_glutamyltransferase	0
Glucose	Glycemic	Metabolic	Glucose	0
Glycated_haemoglobin_HbA1c	Glycemic	Metabolic	Glycated_haemoglobin_HbA1c	0
Haematocrit_percentage	RBC	Hematologic	RBC_mass	0
Haemoglobin_concentration	RBC	Hematologic	RBC_mass	0
High_density_lipoprotein	Lipid	Metabolic	HDL	0
High_light_scatter_reticulocyte_count	Reticulocyte	Hematologic	HLS_reticulocyte	0
High_light_scatter_reticulocyte_percentage	Reticulocyte	Hematologic	HLS_reticulocyte	0
Hip_circumference	Anthropometric	Anthropometric	Hip_circumference	0
IGF_1	Hormonal	Hormonal	IGF_1	0
Immature_reticulocyte_fraction	Reticulocyte	Hematologic	Immature_reticulocyte_fraction	0
Low_density_lipoprotein_calculated	Lipid	Metabolic	LDL	0
Low_density_lipoprotein_measured	Lipid	Metabolic	LDL	0
Lymphocyte_count	WBC	Hematologic	Lymphocyte	0
Lymphocyte_percentage	WBC	Hematologic	Lymphocyte	0
Mean_arterial_pressure	Cardiovascular	Cardiovascular	Blood_pressure_derived	0
Mean_corpuscular_haemoglobin	RBC	Hematologic	RBC_indices	0
Mean_corpuscular_haemoglobin_concentration	RBC	Hematologic	RBC_indices	0
Mean_corpuscular_volume	RBC	Hematologic	RBC_indices	0
Mean_platelet_thrombocyte_volume	Platelet	Hematologic	Mean_platelet_volume	0
Mean_reticulocyte_volume	Reticulocyte	Hematologic	Mean_reticulocyte_volume	0
Mean_sphered_cell_volume	RBC	Hematologic	RBC_indices	0
Monocyte_count	WBC	Hematologic	Monocyte	0
Monocyte_percentage	WBC	Hematologic	Monocyte	0
Monocyte_to_lymphocyte_ratio	WBC	Hematologic	Ratio	1
Neutrophil_to_lymphocyte_ratio	WBC	Hematologic	Ratio	1
Neutrophill_count	WBC	Hematologic	Neutrophil	0
Neutrophill_percentage	WBC	Hematologic	Neutrophil	0
Non_high_density_lipoprotein	Lipid	Metabolic	Non_HDL	0
Non_high_density_lipoprotein_Apolipoprotein_B_ratio	Lipid	Metabolic	Ratio	1
Oestradiol	Hormonal	Hormonal	Oestradiol	0
Phosphate	Renal	Metabolic	Phosphate	0
Platelet_count	Platelet	Hematologic	Platelet_count_crit	0
Platelet_crit	Platelet	Hematologic	Platelet_count_crit	0
Platelet_distribution_width	Platelet	Hematologic	Platelet_distribution_width	0
Platelet_to_lymphocyte_ratio	Platelet	Hematologic	Ratio	1
Pulse_pressure	Cardiovascular	Cardiovascular	Blood_pressure_derived	0
Pulse_rate	Cardiovascular	Cardiovascular	Pulse_rate	0
Red_blood_cell_erythrocyte_count	RBC	Hematologic	RBC_mass	0
Red_blood_cell_erythrocyte_distribution_width	RBC	Hematologic	RBC_distribution_width	0
Remnant_cholesterol	Lipid	Metabolic	Remnant_cholesterol	0
Reticulocyte_count	Reticulocyte	Hematologic	Reticulocyte_abundance	0
Reticulocyte_percentage	Reticulocyte	Hematologic	Reticulocyte_abundance	0
Rheumatoid_factor	Inflammatory	Inflammatory	Rheumatoid_factor	0
Seated_height	Anthropometric	Anthropometric	Seated_sitting_height	0
Sex_hormon_binding_globulin_SHBG	Hormonal	Hormonal	Sex_hormon_binding_globulin_SHBG	0
Sitting_height	Anthropometric	Anthropometric	Seated_sitting_height	0
Systolic_blood_pressure	Cardiovascular	Cardiovascular	Blood_pressure_systolic	0
Testosterone	Hormonal	Hormonal	Testosterone	0
Total_bilirubin	Liver	Metabolic	Total_bilirubin	0
Total_protein	Liver	Metabolic	Total_protein	0
Triglycerides	Lipid	Metabolic	Triglycerides	0
Urate	Renal	Metabolic	Urate	0
Urea	Renal	Metabolic	Urea	0
Vitamin_D	Hormonal	Hormonal	Vitamin_D	0
Waist_circumference	Anthropometric	Anthropometric	Waist_circumference	0
Waist_hip_ratio	Anthropometric	Anthropometric	Ratio	1
Weight	Anthropometric	Anthropometric	Weight	0
White_blood_cell_leukocyte_count	WBC	Hematologic	WBC_total	0
